{
    "Ar36": {
        "error": 0.00312570210484771, 
        "filter_outliers_dict": {
            "filter_outliers": true, 
            "iterations": 1, 
            "std_devs": 2
        }, 
        "fit": "Linear", 
        "value": 1.608014108197803
    }, 
    "Ar37": {
        "error": 0.010324501497965597, 
        "filter_outliers_dict": {
            "filter_outliers": true, 
            "iterations": 1, 
            "std_devs": 2
        }, 
        "fit": "linear", 
        "value": 2.5785327224268877
    }, 
    "Ar38": {
        "error": 0.005998039139994929, 
        "filter_outliers_dict": {
            "filter_outliers": true, 
            "iterations": 1, 
            "std_devs": 2
        }, 
        "fit": "linear", 
        "value": 4.3369783881193
    }, 
    "Ar39": {
        "error": 0.032757778286878474, 
        "filter_outliers_dict": {
            "filter_outliers": true, 
            "iterations": 1, 
            "std_devs": 2
        }, 
        "fit": "Linear", 
        "value": 311.25974755000414
    }, 
    "Ar40": {
        "error": 0.08931488256890371, 
        "filter_outliers_dict": {
            "filter_outliers": true, 
            "iterations": 1, 
            "std_devs": 2
        }, 
        "fit": "Linear", 
        "value": 1760.8724723648252
    }, 
    "PM41": {
        "error": 0.0780962979026004, 
        "filter_outliers_dict": {
            "filter_outliers": false, 
            "iterations": 1, 
            "std_devs": 2
        }, 
        "fit": "linear", 
        "value": -0.07538924649185176
    }
}