{
    "Ar36": {
        "error": 0.00036794660376573843, 
        "filter_outliers_dict": {
            "filter_outliers": true, 
            "iterations": 1, 
            "std_devs": 2
        }, 
        "fit": "Linear", 
        "value": 0.02963248342166371
    }, 
    "Ar37": {
        "error": 0.01000102778502327, 
        "filter_outliers_dict": {
            "filter_outliers": true, 
            "iterations": 1, 
            "std_devs": 2
        }, 
        "fit": "linear", 
        "value": 1.461305048056853
    }, 
    "Ar38": {
        "error": 0.006004698241755136, 
        "filter_outliers_dict": {
            "filter_outliers": true, 
            "iterations": 1, 
            "std_devs": 2
        }, 
        "fit": "linear", 
        "value": 4.332889554213539
    }, 
    "Ar39": {
        "error": 0.036010429110463274, 
        "filter_outliers_dict": {
            "filter_outliers": true, 
            "iterations": 1, 
            "std_devs": 2
        }, 
        "fit": "Linear", 
        "value": 339.62825404049016
    }, 
    "Ar40": {
        "error": 0.09243992406082734, 
        "filter_outliers_dict": {
            "filter_outliers": true, 
            "iterations": 1, 
            "std_devs": 2
        }, 
        "fit": "Linear", 
        "value": 1610.4150799881472
    }, 
    "PM41": {
        "error": 0.06537811993423133, 
        "filter_outliers_dict": {
            "filter_outliers": false, 
            "iterations": 1, 
            "std_devs": 2
        }, 
        "fit": "linear", 
        "value": -0.09723771871166509
    }
}