{
    "Ar36": {
        "error": 0.00021918933754818155, 
        "filter_outliers_dict": {
            "filter_outliers": true, 
            "iterations": 1, 
            "std_devs": 2
        }, 
        "fit": "Linear", 
        "value": 0.006429381650752254
    }, 
    "Ar37": {
        "error": 0.009192474650987204, 
        "filter_outliers_dict": {
            "filter_outliers": true, 
            "iterations": 1, 
            "std_devs": 2
        }, 
        "fit": "linear", 
        "value": 0.025071672244054967
    }, 
    "Ar38": {
        "error": 0.005421152275122584, 
        "filter_outliers_dict": {
            "filter_outliers": true, 
            "iterations": 1, 
            "std_devs": 2
        }, 
        "fit": "linear", 
        "value": -0.008306144054762132
    }, 
    "Ar39": {
        "error": 0.00949516837316341, 
        "filter_outliers_dict": {
            "filter_outliers": true, 
            "iterations": 1, 
            "std_devs": 2
        }, 
        "fit": "Linear", 
        "value": 0.17162007625483258
    }, 
    "Ar40": {
        "error": 0.00894362651789584, 
        "filter_outliers_dict": {
            "filter_outliers": true, 
            "iterations": 1, 
            "std_devs": 2
        }, 
        "fit": "Linear", 
        "value": 1.7148644036985945
    }, 
    "PM41": {
        "error": 0.06410103184965424, 
        "filter_outliers_dict": {
            "filter_outliers": false, 
            "iterations": 1, 
            "std_devs": 2
        }, 
        "fit": "linear", 
        "value": -0.15227042245975592
    }
}