{
    "Ar36": {
        "error": 0.0003260488227379717, 
        "filter_outliers_dict": {
            "filter_outliers": true, 
            "iterations": 1, 
            "std_devs": 2
        }, 
        "fit": "Linear", 
        "value": 0.01440886484820237
    }, 
    "Ar37": {
        "error": 0.012154407645430675, 
        "filter_outliers_dict": {
            "filter_outliers": true, 
            "iterations": 1, 
            "std_devs": 2
        }, 
        "fit": "linear", 
        "value": 0.11162965416655189
    }, 
    "Ar38": {
        "error": 0.005089269086107246, 
        "filter_outliers_dict": {
            "filter_outliers": true, 
            "iterations": 1, 
            "std_devs": 2
        }, 
        "fit": "linear", 
        "value": 0.22576191033013618
    }, 
    "Ar39": {
        "error": 0.013580069954316846, 
        "filter_outliers_dict": {
            "filter_outliers": true, 
            "iterations": 1, 
            "std_devs": 2
        }, 
        "fit": "Linear", 
        "value": 18.04577659432939
    }, 
    "Ar40": {
        "error": 0.01665445316619613, 
        "filter_outliers_dict": {
            "filter_outliers": true, 
            "iterations": 1, 
            "std_devs": 2
        }, 
        "fit": "Linear", 
        "value": 88.48413078662836
    }, 
    "PM41": {
        "error": 0.05971970395297038, 
        "filter_outliers_dict": {
            "filter_outliers": false, 
            "iterations": 1, 
            "std_devs": 2
        }, 
        "fit": "linear", 
        "value": -0.1863004383187446
    }
}