{
    "Ar36": {
        "error": 0.00043349100206652977, 
        "filter_outliers_dict": {
            "filter_outliers": true, 
            "iterations": 1, 
            "std_devs": 2
        }, 
        "fit": "Linear", 
        "value": 0.026179364236249433
    }, 
    "Ar37": {
        "error": 0.00963427335678012, 
        "filter_outliers_dict": {
            "filter_outliers": true, 
            "iterations": 1, 
            "std_devs": 2
        }, 
        "fit": "linear", 
        "value": 3.0342938629917304
    }, 
    "Ar38": {
        "error": 0.009129728972323658, 
        "filter_outliers_dict": {
            "filter_outliers": true, 
            "iterations": 1, 
            "std_devs": 2
        }, 
        "fit": "linear", 
        "value": 11.141982082902853
    }, 
    "Ar39": {
        "error": 0.05790658693697539, 
        "filter_outliers_dict": {
            "filter_outliers": true, 
            "iterations": 1, 
            "std_devs": 2
        }, 
        "fit": "Linear", 
        "value": 862.9864397309319
    }, 
    "Ar40": {
        "error": 0.14333576974284637, 
        "filter_outliers_dict": {
            "filter_outliers": true, 
            "iterations": 1, 
            "std_devs": 2
        }, 
        "fit": "Linear", 
        "value": 3549.4637665334326
    }, 
    "PM41": {
        "error": 0.07194414028385313, 
        "filter_outliers_dict": {
            "filter_outliers": false, 
            "iterations": 1, 
            "std_devs": 2
        }, 
        "fit": "linear", 
        "value": -0.0015406723775878944
    }
}