{
    "Ar36": {
        "error": 0.0003932771108079737, 
        "filter_outliers_dict": {
            "filter_outliers": true, 
            "iterations": 1, 
            "std_devs": 2
        }, 
        "fit": "Linear", 
        "value": 0.025122861444623924
    }, 
    "Ar37": {
        "error": 0.010640377298695004, 
        "filter_outliers_dict": {
            "filter_outliers": true, 
            "iterations": 1, 
            "std_devs": 2
        }, 
        "fit": "linear", 
        "value": 0.9721720695267713
    }, 
    "Ar38": {
        "error": 0.005317912419422162, 
        "filter_outliers_dict": {
            "filter_outliers": true, 
            "iterations": 1, 
            "std_devs": 2
        }, 
        "fit": "linear", 
        "value": 3.3451928401965083
    }, 
    "Ar39": {
        "error": 0.029168959401366705, 
        "filter_outliers_dict": {
            "filter_outliers": true, 
            "iterations": 1, 
            "std_devs": 2
        }, 
        "fit": "Linear", 
        "value": 257.6613025899344
    }, 
    "Ar40": {
        "error": 0.050565097972836384, 
        "filter_outliers_dict": {
            "filter_outliers": true, 
            "iterations": 1, 
            "std_devs": 2
        }, 
        "fit": "Linear", 
        "value": 1065.7019306584732
    }, 
    "PM41": {
        "error": 0.06601819311905706, 
        "filter_outliers_dict": {
            "filter_outliers": false, 
            "iterations": 1, 
            "std_devs": 2
        }, 
        "fit": "linear", 
        "value": -0.1092337763047628
    }
}