{
    "Ar36": {
        "error": 0.000436326436415958, 
        "filter_outliers_dict": {
            "filter_outliers": true, 
            "iterations": 1, 
            "std_devs": 2
        }, 
        "fit": "Linear", 
        "value": 0.02999620705619986
    }, 
    "Ar37": {
        "error": 0.009626081402470487, 
        "filter_outliers_dict": {
            "filter_outliers": true, 
            "iterations": 1, 
            "std_devs": 2
        }, 
        "fit": "linear", 
        "value": 0.03601142677813419
    }, 
    "Ar38": {
        "error": 0.005236718405049147, 
        "filter_outliers_dict": {
            "filter_outliers": true, 
            "iterations": 1, 
            "std_devs": 2
        }, 
        "fit": "linear", 
        "value": 0.8521888350528148
    }, 
    "Ar39": {
        "error": 0.01692020030497086, 
        "filter_outliers_dict": {
            "filter_outliers": true, 
            "iterations": 1, 
            "std_devs": 2
        }, 
        "fit": "Linear", 
        "value": 66.17835040740415
    }, 
    "Ar40": {
        "error": 0.04159043458341697, 
        "filter_outliers_dict": {
            "filter_outliers": true, 
            "iterations": 1, 
            "std_devs": 2
        }, 
        "fit": "Linear", 
        "value": 824.3296237716617
    }, 
    "PM41": {
        "error": 0.07696099165348863, 
        "filter_outliers_dict": {
            "filter_outliers": false, 
            "iterations": 1, 
            "std_devs": 2
        }, 
        "fit": "linear", 
        "value": -0.0981138782900178
    }
}