{
    "Ar36": {
        "error": 0.0004199117913570357, 
        "filter_outliers_dict": {
            "filter_outliers": true, 
            "iterations": 1, 
            "std_devs": 2
        }, 
        "fit": "Linear", 
        "value": 0.029997404558302534
    }, 
    "Ar37": {
        "error": 0.009379018350114052, 
        "filter_outliers_dict": {
            "filter_outliers": true, 
            "iterations": 1, 
            "std_devs": 2
        }, 
        "fit": "linear", 
        "value": 0.022344276849340552
    }, 
    "Ar38": {
        "error": 0.004399298724673023, 
        "filter_outliers_dict": {
            "filter_outliers": true, 
            "iterations": 1, 
            "std_devs": 2
        }, 
        "fit": "linear", 
        "value": 0.8584042109845571
    }, 
    "Ar39": {
        "error": 0.019601573315050913, 
        "filter_outliers_dict": {
            "filter_outliers": true, 
            "iterations": 1, 
            "std_devs": 2
        }, 
        "fit": "Linear", 
        "value": 66.14212365542642
    }, 
    "Ar40": {
        "error": 0.04584061823071291, 
        "filter_outliers_dict": {
            "filter_outliers": true, 
            "iterations": 1, 
            "std_devs": 2
        }, 
        "fit": "Linear", 
        "value": 824.2754202471195
    }, 
    "PM41": {
        "error": 0.07136723472887309, 
        "filter_outliers_dict": {
            "filter_outliers": false, 
            "iterations": 1, 
            "std_devs": 2
        }, 
        "fit": "linear", 
        "value": -0.14722514518510643
    }
}